factor,ls_sharpe
TC_n12,0.4673802060578881
PWMA_10,-1.174916295743427
CFO_14,-1.2946075847082728
